,AL,AR,AZ,CA,CO,CT,FL,GA,HI,IA,ID,IL,IN,KS,KY,LA,MA,MD,MI,MN,MO,NC,NE,NM,NV,NY,OH,OK,OR,PA,RI,SC,TN,TX,UT,VA,WA,WI
2008-02-29,618.0,572.0,3334.0,10637.0,2808.0,2329.0,9236.0,4071.0,613.0,481.0,442.0,4285.0,1478.0,62.0,874.0,1131.0,2430.0,2025.0,2626.0,1992.0,3425.0,4275.0,537.0,554.0,719.0,9286.0,3038.0,1636.0,1613.0,5321.0,644.0,1696.0,3112.0,7544.0,1436.0,4292.0,2279.0,1029.0
2008-03-31,800.0,663.0,3975.0,13144.0,3476.0,3080.0,10878.0,4381.0,770.0,496.0,550.0,5465.0,1706.0,80.0,939.0,1335.0,2960.0,2429.0,2889.0,2395.0,3977.0,4736.0,665.0,656.0,1006.0,9968.0,3462.0,1783.0,1892.0,6451.0,836.0,2014.0,3596.0,8744.0,1659.0,5125.0,2695.0,1363.0
2008-04-30,818.0,688.0,4431.0,16200.0,3978.0,3335.0,11801.0,4483.0,859.0,659.0,536.0,5838.0,1858.0,74.0,1047.0,1395.0,3483.0,2437.0,3177.0,2724.0,4333.0,5149.0,725.0,703.0,1089.0,11138.0,3816.0,2178.0,1863.0,7324.0,912.0,2120.0,3746.0,9400.0,1846.0,5680.0,2848.0,1640.0
2008-05-31,873.0,799.0,4680.0,17989.0,4418.0,3977.0,12056.0,4735.0,762.0,729.0,572.0,6378.0,2130.0,78.0,1241.0,1565.0,4303.0,2557.0,3398.0,3230.0,5276.0,5645.0,895.0,721.0,1076.0,11950.0,4490.0,2303.0,2096.0,7788.0,1093.0,2266.0,4075.0,10431.0,1976.0,6002.0,2947.0,1966.0
2008-06-30,926.0,774.0,4419.0,18491.0,4688.0,4726.0,11985.0,4962.0,659.0,768.0,614.0,7163.0,2120.0,96.0,1254.0,1543.0,5432.0,2969.0,3567.0,3513.0,5249.0,5750.0,900.0,787.0,1046.0,13053.0,4978.0,2419.0,2062.0,8753.0,1173.0,2348.0,4103.0,10662.0,2003.0,6872.0,3049.0,2217.0
2008-07-31,911.0,785.0,4414.0,20420.0,4807.0,4480.0,11158.0,4831.0,656.0,796.0,580.0,7104.0,2154.0,82.0,1260.0,1537.0,4984.0,2279.0,3546.0,3497.0,5230.0,5338.0,813.0,724.0,1059.0,15336.0,4655.0,2516.0,2073.0,9040.0,1109.0,2322.0,4176.0,10316.0,1995.0,6429.0,2807.0,2249.0
2008-08-31,835.0,767.0,3915.0,19479.0,4153.0,4114.0,9868.0,4391.0,582.0,728.0,543.0,6716.0,2001.0,82.0,1162.0,1262.0,4890.0,2378.0,3554.0,3297.0,4789.0,4756.0,778.0,632.0,979.0,14384.0,4460.0,2377.0,1976.0,8307.0,1011.0,1982.0,3832.0,9849.0,1865.0,5878.0,2610.0,1964.0
2008-09-30,872.0,663.0,3785.0,18265.0,3948.0,3374.0,9524.0,4311.0,604.0,699.0,583.0,6008.0,1938.0,87.0,1062.0,799.0,3803.0,2239.0,3563.0,3146.0,4377.0,4161.0,749.0,609.0,1072.0,12857.0,4131.0,2209.0,1783.0,8184.0,898.0,1682.0,3338.0,8560.0,1820.0,5484.0,2539.0,1519.0
2008-10-31,718.0,622.0,3443.0,18851.0,3813.0,3351.0,9299.0,3816.0,542.0,574.0,446.0,5062.0,1511.0,88.0,953.0,974.0,3832.0,1979.0,3138.0,2513.0,3890.0,3548.0,730.0,522.0,989.0,12114.0,3574.0,2054.0,1613.0,7371.0,982.0,1540.0,3025.0,7308.0,1467.0,5175.0,2204.0,1425.0
2008-11-30,491.0,427.0,2526.0,14009.0,2457.0,2425.0,7160.0,2683.0,376.0,410.0,307.0,3423.0,1226.0,64.0,652.0,747.0,2676.0,1472.0,2332.0,1912.0,2879.0,2545.0,432.0,412.0,794.0,9357.0,2553.0,1390.0,1066.0,5251.0,709.0,1057.0,2066.0,5402.0,1081.0,3789.0,1362.0,920.0
2008-12-31,630.0,485.0,3043.0,16022.0,2467.0,2495.0,9186.0,3239.0,480.0,401.0,374.0,3602.0,1390.0,70.0,693.0,845.0,2991.0,1649.0,2214.0,1810.0,3178.0,2840.0,546.0,431.0,980.0,9825.0,2750.0,1440.0,1036.0,5584.0,701.0,1185.0,2188.0,6324.0,1209.0,4460.0,1521.0,981.0
2009-01-31,497.0,355.0,2404.0,11930.0,1819.0,1630.0,6559.0,2319.0,260.0,275.0,309.0,2448.0,929.0,62.0,488.0,757.0,1852.0,1118.0,1727.0,1419.0,2281.0,2132.0,355.0,344.0,618.0,6878.0,1749.0,982.0,747.0,3756.0,511.0,878.0,1628.0,4577.0,869.0,2924.0,989.0,589.0
2009-02-28,584.0,432.0,2672.0,12393.0,2177.0,1626.0,7617.0,2606.0,361.0,325.0,344.0,2473.0,1043.0,59.0,572.0,880.0,1788.0,1175.0,1765.0,1508.0,2713.0,2460.0,432.0,350.0,642.0,5930.0,2016.0,1284.0,881.0,3662.0,579.0,969.0,1897.0,5831.0,1059.0,3407.0,1166.0,730.0
2009-03-31,740.0,517.0,3611.0,16260.0,2818.0,2162.0,10200.0,3475.0,428.0,426.0,478.0,3440.0,1435.0,83.0,762.0,1143.0,2522.0,1655.0,2201.0,2058.0,3443.0,3110.0,604.0,500.0,787.0,7146.0,2601.0,1722.0,1199.0,4944.0,600.0,1316.0,2389.0,7192.0,1387.0,4919.0,1568.0,1067.0
2009-04-30,811.0,630.0,4058.0,18119.0,3029.0,2458.0,10665.0,3438.0,437.0,529.0,535.0,3749.0,1549.0,94.0,838.0,1093.0,2864.0,1709.0,2482.0,2596.0,3823.0,3291.0,789.0,561.0,903.0,7644.0,2965.0,1837.0,1281.0,5575.0,711.0,1262.0,2668.0,7610.0,1523.0,5345.0,1738.0,1223.0
2009-05-31,899.0,651.0,4626.0,19406.0,3395.0,3012.0,11033.0,3508.0,462.0,611.0,588.0,4644.0,1813.0,117.0,1018.0,1205.0,3682.0,1971.0,2778.0,3025.0,4504.0,3875.0,892.0,589.0,910.0,9052.0,3623.0,2051.0,1401.0,6417.0,937.0,1508.0,2919.0,8608.0,1731.0,6100.0,2023.0,1600.0
2009-06-30,1017.0,857.0,5431.0,22815.0,4432.0,4182.0,13161.0,4548.0,577.0,762.0,754.0,6015.0,2175.0,113.0,1317.0,1359.0,5082.0,2490.0,3354.0,3770.0,5212.0,4632.0,1045.0,715.0,1313.0,11124.0,4555.0,2334.0,1909.0,8272.0,1215.0,1863.0,3634.0,9944.0,2207.0,7700.0,2754.0,2073.0
2009-07-31,957.0,891.0,5524.0,24415.0,4734.0,4707.0,13220.0,4789.0,584.0,831.0,700.0,6545.0,2169.0,125.0,1265.0,1358.0,5663.0,2363.0,3653.0,3979.0,5426.0,4907.0,1019.0,789.0,1343.0,13269.0,4660.0,2454.0,2159.0,8612.0,1303.0,1941.0,3622.0,10388.0,2122.0,7377.0,2843.0,2296.0
2009-08-31,807.0,723.0,4798.0,21705.0,4096.0,4129.0,12190.0,4181.0,575.0,731.0,659.0,6139.0,1976.0,116.0,1160.0,1199.0,5360.0,2419.0,3398.0,3715.0,4667.0,4277.0,983.0,674.0,1277.0,13710.0,4451.0,2137.0,1907.0,8176.0,1187.0,1762.0,3330.0,9061.0,1887.0,6826.0,2573.0,1963.0
2009-09-30,874.0,769.0,4930.0,22190.0,4006.0,3510.0,12696.0,4142.0,604.0,785.0,679.0,5944.0,1916.0,111.0,1189.0,1208.0,4300.0,2365.0,3734.0,3619.0,4668.0,4055.0,983.0,711.0,1424.0,12916.0,4405.0,2204.0,1940.0,7498.0,1144.0,1808.0,3370.0,8556.0,1846.0,6470.0,2680.0,1711.0
2009-10-31,839.0,839.0,5303.0,23493.0,4126.0,4046.0,13704.0,4370.0,671.0,771.0,729.0,6267.0,2020.0,84.0,1266.0,1157.0,4771.0,2388.0,3968.0,3807.0,4966.0,4486.0,1042.0,770.0,1638.0,13008.0,4504.0,2240.0,2136.0,7992.0,1200.0,1768.0,3534.0,8975.0,1964.0,6566.0,2825.0,1813.0
2009-11-30,845.0,729.0,5138.0,20855.0,3762.0,4247.0,12812.0,4261.0,694.0,719.0,690.0,5979.0,1775.0,87.0,1242.0,1138.0,4829.0,2361.0,3888.0,3357.0,4628.0,4175.0,886.0,680.0,1685.0,15043.0,4285.0,2141.0,1916.0,8609.0,1277.0,1690.0,3209.0,8051.0,1851.0,6463.0,2656.0,1708.0
2009-12-31,763.0,700.0,5036.0,23399.0,3046.0,3243.0,14579.0,4135.0,626.0,420.0,515.0,4958.0,1526.0,80.0,869.0,997.0,3801.0,1843.0,3390.0,2485.0,3144.0,3402.0,526.0,544.0,1954.0,12676.0,3191.0,1591.0,1526.0,6117.0,965.0,1594.0,2847.0,7041.0,1521.0,5594.0,2115.0,1070.0
2010-01-31,597.0,402.0,3920.0,16142.0,2036.0,2120.0,10233.0,2758.0,434.0,288.0,380.0,3327.0,894.0,53.0,620.0,668.0,2382.0,1421.0,2561.0,1867.0,2097.0,2355.0,325.0,353.0,1392.0,9110.0,1938.0,971.0,998.0,3958.0,631.0,980.0,1692.0,4655.0,957.0,4297.0,1384.0,709.0
2010-02-28,585.0,536.0,4407.0,16165.0,2414.0,1898.0,11111.0,3168.0,386.0,332.0,478.0,3218.0,1151.0,66.0,626.0,720.0,2263.0,1278.0,2608.0,1922.0,2558.0,2615.0,429.0,401.0,1434.0,7324.0,2167.0,1221.0,1071.0,3828.0,603.0,1085.0,1957.0,5969.0,1145.0,4050.0,1627.0,824.0
2010-03-31,911.0,779.0,6155.0,23047.0,3685.0,3136.0,15905.0,4442.0,589.0,524.0,748.0,5074.0,1632.0,79.0,931.0,1103.0,3616.0,1978.0,3638.0,2870.0,4168.0,3894.0,714.0,679.0,2071.0,17461.0,3621.0,1902.0,1852.0,6237.0,920.0,1551.0,3119.0,9057.0,1893.0,6209.0,2632.0,1361.0
2010-04-30,1062.0,1037.0,6614.0,24110.0,4225.0,3643.0,16436.0,4770.0,676.0,738.0,829.0,6181.0,2052.0,134.0,1229.0,1288.0,4496.0,2145.0,4093.0,3578.0,5040.0,4677.0,997.0,715.0,2153.0,10554.0,4504.0,2446.0,2100.0,7497.0,1062.0,1820.0,3538.0,10521.0,2128.0,7132.0,2881.0,1998.0
2010-05-31,1094.0,1067.0,6227.0,26762.0,4731.0,4032.0,15365.0,5028.0,659.0,817.0,792.0,6801.0,2303.0,126.0,1345.0,1381.0,4906.0,2479.0,4179.0,3449.0,5557.0,4992.0,962.0,770.0,2120.0,11388.0,5226.0,2351.0,2169.0,8441.0,1128.0,1988.0,3773.0,10648.0,2149.0,7551.0,2981.0,2133.0
2010-06-30,1044.0,988.0,6611.0,27790.0,4487.0,5796.0,16823.0,5410.0,741.0,879.0,779.0,8350.0,2166.0,102.0,1469.0,1319.0,6669.0,2719.0,4749.0,3666.0,5089.0,5187.0,830.0,739.0,2670.0,16755.0,5392.0,2253.0,2164.0,10487.0,1484.0,2128.0,3931.0,10103.0,1791.0,8518.0,3088.0,2286.0
2010-07-31,758.0,697.0,4744.0,22574.0,3342.0,3272.0,12640.0,4121.0,571.0,446.0,565.0,4968.0,1488.0,80.0,881.0,1042.0,3820.0,1787.0,3441.0,2449.0,3338.0,3360.0,487.0,578.0,2070.0,13718.0,3107.0,1545.0,1465.0,6190.0,875.0,1560.0,2751.0,7659.0,1386.0,5919.0,2119.0,1255.0
2010-08-31,746.0,723.0,4831.0,21788.0,3081.0,3473.0,12459.0,3886.0,490.0,488.0,644.0,4979.0,1598.0,78.0,853.0,927.0,4097.0,1851.0,3587.0,2389.0,3448.0,3183.0,535.0,530.0,2006.0,11116.0,3360.0,1531.0,1483.0,6022.0,900.0,1419.0,2741.0,7887.0,1458.0,6632.0,2175.0,1177.0
2010-09-30,658.0,638.0,4381.0,21378.0,2895.0,2839.0,12139.0,3579.0,548.0,502.0,689.0,4522.0,1476.0,94.0,799.0,874.0,3469.0,1853.0,3540.0,2273.0,3330.0,3116.0,583.0,484.0,1985.0,2080.0,3128.0,1434.0,1446.0,5592.0,894.0,1294.0,2532.0,6967.0,1379.0,5390.0,2018.0,1090.0
2010-10-31,561.0,665.0,4250.0,19792.0,2780.0,2696.0,11475.0,3524.0,537.0,444.0,645.0,4233.0,1363.0,81.0,820.0,865.0,3224.0,1594.0,3411.0,2119.0,3089.0,2815.0,551.0,483.0,1808.0,9577.0,2918.0,1392.0,1286.0,5371.0,864.0,1286.0,2433.0,6652.0,1316.0,4901.0,1965.0,990.0
2010-11-30,611.0,631.0,4331.0,19038.0,2604.0,2695.0,11390.0,3189.0,499.0,445.0,659.0,3884.0,1234.0,83.0,778.0,730.0,3214.0,1619.0,3243.0,2071.0,3024.0,2661.0,452.0,478.0,1862.0,9275.0,2777.0,1282.0,1274.0,5070.0,820.0,1191.0,2338.0,6281.0,1320.0,4998.0,1837.0,962.0
2010-12-31,666.0,635.0,5097.0,21842.0,2775.0,2971.0,14088.0,3577.0,680.0,459.0,715.0,4242.0,1340.0,96.0,819.0,884.0,3804.0,1668.0,3225.0,2025.0,3158.0,3162.0,467.0,524.0,1963.0,9562.0,2935.0,1433.0,1388.0,5607.0,896.0,1316.0,2394.0,6842.0,1434.0,5242.0,2182.0,957.0
2011-01-31,545.0,479.0,4292.0,16062.0,1876.0,2026.0,10901.0,2596.0,438.0,294.0,503.0,3219.0,937.0,49.0,572.0,711.0,2571.0,1341.0,2657.0,1659.0,2269.0,2265.0,361.0,368.0,1557.0,8331.0,2133.0,1119.0,1019.0,4067.0,621.0,914.0,1718.0,4956.0,1037.0,3956.0,1465.0,813.0
2011-02-28,613.0,517.0,4805.0,16000.0,1936.0,1815.0,12021.0,2882.0,441.0,323.0,613.0,2957.0,950.0,68.0,609.0,730.0,2016.0,1128.0,2467.0,1596.0,2269.0,2282.0,362.0,414.0,1604.0,7659.0,2034.0,1092.0,991.0,3663.0,545.0,895.0,1910.0,5403.0,1101.0,3805.0,1429.0,712.0
2011-03-31,820.0,763.0,6580.0,22481.0,2995.0,2454.0,16517.0,4266.0,530.0,447.0,807.0,4310.0,1434.0,124.0,824.0,1017.0,3101.0,1474.0,3309.0,2238.0,3315.0,3438.0,524.0,580.0,2130.0,9061.0,2971.0,1530.0,1452.0,5195.0,774.0,1471.0,2546.0,7856.0,1585.0,5348.0,2171.0,1095.0
2011-04-30,769.0,764.0,6644.0,22166.0,3281.0,2790.0,16870.0,4151.0,524.0,538.0,822.0,4573.0,1653.0,105.0,915.0,992.0,3501.0,1634.0,3432.0,2531.0,3669.0,3714.0,645.0,541.0,1943.0,9169.0,3150.0,1616.0,1512.0,5500.0,883.0,1370.0,2667.0,8267.0,1640.0,5591.0,2239.0,1270.0
2011-05-31,781.0,843.0,6816.0,22553.0,3673.0,3332.0,16509.0,4616.0,529.0,580.0,827.0,5518.0,1864.0,95.0,907.0,1196.0,4233.0,1850.0,3617.0,2902.0,4154.0,3925.0,714.0,625.0,2091.0,10045.0,3608.0,1701.0,1657.0,6335.0,993.0,1573.0,3111.0,9194.0,1742.0,6249.0,2371.0,1491.0
2011-06-30,966.0,928.0,7265.0,25153.0,4119.0,4589.0,16988.0,5197.0,665.0,723.0,902.0,6616.0,2024.0,133.0,1101.0,1300.0,5824.0,2287.0,4324.0,3332.0,4581.0,4532.0,789.0,673.0,2276.0,12214.0,4247.0,2008.0,1905.0,7614.0,1163.0,1709.0,3419.0,10270.0,1907.0,7412.0,2802.0,1839.0
2011-07-31,919.0,906.0,6038.0,22435.0,3818.0,3369.0,14799.0,4811.0,572.0,643.0,818.0,5840.0,1966.0,130.0,1003.0,1193.0,4883.0,1890.0,4282.0,3118.0,3912.0,3919.0,741.0,631.0,1841.0,12343.0,4003.0,1991.0,1789.0,6717.0,1058.0,1504.0,3138.0,9098.0,1758.0,6416.0,2580.0,1646.0
2011-08-31,969.0,975.0,6195.0,24285.0,4039.0,3695.0,16042.0,4474.0,618.0,624.0,842.0,6363.0,2008.0,138.0,1069.0,1232.0,5407.0,1972.0,4778.0,3589.0,4488.0,4221.0,747.0,638.0,2259.0,13021.0,4402.0,2111.0,1949.0,7248.0,1059.0,1718.0,3329.0,9802.0,1890.0,6379.0,2849.0,1627.0
2011-09-30,886.0,866.0,5841.0,22541.0,3437.0,3080.0,14576.0,3975.0,617.0,646.0,770.0,5228.0,1686.0,111.0,933.0,1098.0,4154.0,1850.0,4349.0,3144.0,3951.0,3794.0,692.0,507.0,1969.0,11414.0,3817.0,1950.0,1739.0,6004.0,1004.0,1480.0,2966.0,8076.0,1670.0,5469.0,2501.0,1373.0
2011-10-31,905.0,781.0,5607.0,20765.0,3140.0,2631.0,13682.0,3652.0,539.0,575.0,742.0,4939.0,1492.0,93.0,852.0,1016.0,3573.0,1692.0,3879.0,3114.0,3476.0,3261.0,613.0,568.0,1946.0,10095.0,3335.0,1726.0,1660.0,5630.0,889.0,1326.0,2617.0,7137.0,1691.0,4922.0,2309.0,1142.0
2011-11-30,842.0,755.0,5800.0,21092.0,2874.0,2714.0,13538.0,3398.0,671.0,481.0,688.0,4794.0,1382.0,96.0,866.0,863.0,3765.0,1639.0,3760.0,2762.0,3340.0,2996.0,619.0,490.0,2053.0,9085.0,3191.0,1628.0,1644.0,5558.0,913.0,1283.0,2562.0,6897.0,1555.0,4925.0,2304.0,1112.0
2011-12-31,894.0,803.0,6252.0,23122.0,2831.0,2789.0,15687.0,3712.0,564.0,568.0,689.0,5214.0,1464.0,115.0,860.0,892.0,3962.0,1726.0,3519.0,2750.0,3454.0,3301.0,618.0,526.0,2288.0,10143.0,3279.0,1735.0,1643.0,5701.0,1028.0,1427.0,2667.0,7342.0,1659.0,5195.0,2310.0,1076.0
2012-01-31,728.0,652.0,5372.0,17858.0,2140.0,1973.0,12590.0,3040.0,439.0,371.0,564.0,3936.0,1113.0,71.0,680.0,738.0,2707.0,1310.0,3054.0,2391.0,2602.0,2568.0,470.0,402.0,1930.0,8985.0,2536.0,1289.0,1204.0,4458.0,723.0,1054.0,2096.0,5647.0,1236.0,3973.0,1707.0,881.0
2012-02-29,876.0,798.0,6298.0,19300.0,2363.0,1853.0,14352.0,3245.0,423.0,406.0,634.0,3959.0,1138.0,106.0,767.0,850.0,2610.0,1387.0,3180.0,2550.0,2960.0,3023.0,482.0,516.0,2232.0,7749.0,2677.0,1580.0,1224.0,4217.0,660.0,1190.0,2364.0,6670.0,1495.0,4331.0,1946.0,843.0
2012-03-31,1059.0,986.0,7768.0,25436.0,3511.0,2919.0,18657.0,4144.0,509.0,605.0,719.0,5408.0,1588.0,112.0,975.0,1111.0,3629.0,1811.0,3977.0,3395.0,3871.0,3974.0,685.0,609.0,2485.0,9186.0,3666.0,1932.0,1664.0,5943.0,891.0,1646.0,3092.0,8978.0,1885.0,5573.0,2576.0,1417.0
2012-04-30,1226.0,1007.0,7626.0,25544.0,4112.0,2934.0,18684.0,4014.0,538.0,672.0,850.0,5891.0,1881.0,132.0,1064.0,1144.0,4130.0,2007.0,4087.0,3728.0,4201.0,4043.0,740.0,609.0,2313.0,9572.0,4140.0,2097.0,1818.0,6263.0,969.0,1616.0,3335.0,9466.0,2022.0,6302.0,2908.0,1645.0
2012-05-31,1358.0,1269.0,7708.0,28837.0,5045.0,3866.0,19263.0,4711.0,585.0,811.0,790.0,7250.0,2177.0,154.0,1244.0,1443.0,5308.0,2263.0,4859.0,4294.0,5113.0,5010.0,1070.0,797.0,2596.0,11861.0,5190.0,2453.0,2127.0,7591.0,1133.0,1944.0,3919.0,11273.0,2280.0,7699.0,3383.0,1986.0
2012-06-30,1431.0,1362.0,7549.0,29183.0,5498.0,4717.0,18733.0,5111.0,607.0,862.0,884.0,8104.0,2381.0,151.0,1306.0,1454.0,6806.0,2650.0,5099.0,4699.0,5158.0,5361.0,1095.0,669.0,2598.0,13535.0,5881.0,2532.0,2491.0,8637.0,1383.0,2005.0,4028.0,11834.0,2294.0,8227.0,3668.0,2397.0
2012-07-31,1327.0,1304.0,6657.0,27658.0,5146.0,4378.0,17220.0,4724.0,632.0,765.0,811.0,7504.0,2174.0,173.0,1310.0,1316.0,6216.0,2201.0,5091.0,4347.0,5018.0,4931.0,1021.0,715.0,2510.0,14091.0,5236.0,2499.0,2240.0,7913.0,1197.0,2028.0,3931.0,11122.0,2214.0,7382.0,3619.0,2124.0
2012-08-31,1465.0,1441.0,6983.0,31613.0,5342.0,4574.0,18313.0,5051.0,722.0,859.0,899.0,7967.0,2333.0,179.0,1458.0,1137.0,6815.0,2406.0,5757.0,4739.0,5114.0,5119.0,1077.0,798.0,2955.0,15177.0,5961.0,2581.0,2604.0,8540.0,1282.0,2167.0,4085.0,11708.0,2467.0,7542.0,3963.0,2092.0
2012-09-30,1242.0,1160.0,5955.0,25167.0,4435.0,3358.0,15162.0,4037.0,590.0,646.0,746.0,6141.0,1928.0,147.0,1208.0,1283.0,4476.0,2144.0,4839.0,3878.0,3932.0,4196.0,863.0,661.0,2608.0,12267.0,4876.0,2191.0,2146.0,6494.0,1107.0,1660.0,3360.0,9023.0,2036.0,5892.0,3221.0,1601.0
2012-10-31,1313.0,1316.0,6717.0,29022.0,4714.0,3485.0,17399.0,4513.0,720.0,732.0,807.0,6915.0,2093.0,162.0,1275.0,1233.0,4880.0,2082.0,5720.0,4367.0,4342.0,4467.0,943.0,714.0,2986.0,12222.0,5004.0,2370.0,2365.0,6724.0,1153.0,1803.0,3571.0,9495.0,2246.0,6281.0,3607.0,1715.0
2012-11-30,1230.0,1247.0,6375.0,26885.0,4184.0,3619.0,16693.0,4250.0,683.0,683.0,736.0,6105.0,1891.0,156.0,1132.0,1167.0,5174.0,2083.0,4967.0,3818.0,3960.0,4213.0,814.0,603.0,2761.0,11024.0,4647.0,2132.0,2033.0,7068.0,1270.0,1658.0,3355.0,8428.0,2013.0,6470.0,3322.0,1371.0
2012-12-31,1235.0,1144.0,6413.0,27838.0,3878.0,3564.0,17879.0,4106.0,784.0,660.0,680.0,5722.0,1791.0,143.0,1075.0,1135.0,4843.0,2020.0,4529.0,3505.0,3761.0,4239.0,780.0,653.0,2915.0,12203.0,4154.0,2061.0,2007.0,6427.0,1190.0,1801.0,3167.0,8588.0,1831.0,5886.0,3238.0,1288.0
2013-01-31,1156.0,1257.0,5659.0,20752.0,3216.0,2673.0,14415.0,3710.0,506.0,512.0,496.0,4952.0,1578.0,149.0,944.0,892.0,3401.0,1648.0,4351.0,2949.0,3082.0,3387.0,575.0,520.0,2251.0,10982.0,3292.0,1738.0,1478.0,5328.0,841.0,1291.0,2606.0,7023.0,1500.0,4926.0,2401.0,1103.0
2013-02-28,1314.0,1375.0,6393.0,21253.0,3468.0,2123.0,15566.0,3706.0,496.0,518.0,600.0,4444.0,1765.0,124.0,931.0,959.0,2846.0,1420.0,3943.0,2894.0,3123.0,3593.0,523.0,595.0,2464.0,9215.0,3299.0,1745.0,1548.0,4685.0,739.0,1321.0,2791.0,7907.0,1533.0,4885.0,2439.0,1066.0
2013-03-31,1767.0,2014.0,8046.0,27752.0,4855.0,3095.0,19997.0,4887.0,628.0,724.0,720.0,5994.0,2194.0,198.0,1186.0,1302.0,3935.0,1913.0,5002.0,3825.0,4374.0,4920.0,852.0,710.0,2732.0,11064.0,4509.0,2342.0,2226.0,6323.0,1004.0,1954.0,3537.0,10928.0,2097.0,6496.0,3523.0,1679.0
2013-04-30,2031.0,2565.0,8553.0,29601.0,5623.0,3752.0,21792.0,5217.0,618.0,794.0,882.0,7341.0,2584.0,244.0,1424.0,1448.0,4754.0,2281.0,5308.0,4265.0,5013.0,5892.0,944.0,782.0,2948.0,12121.0,5219.0,2692.0,2614.0,7466.0,1133.0,2175.0,4302.0,12142.0,2488.0,7648.0,4001.0,2005.0
2013-05-31,2362.0,3426.0,9256.0,32976.0,6959.0,4801.0,22650.0,6227.0,692.0,1056.0,1127.0,9363.0,3187.0,273.0,1673.0,1614.0,6618.0,2797.0,6382.0,5359.0,6204.0,6883.0,1246.0,939.0,3001.0,14944.0,6513.0,2828.0,3203.0,9001.0,1508.0,2606.0,5048.0,14084.0,2942.0,9184.0,4637.0,2572.0
2013-06-30,2198.0,3436.0,8087.0,30861.0,7019.0,5394.0,20494.0,6069.0,725.0,1067.0,1047.0,9825.0,3029.0,271.0,1574.0,1532.0,7791.0,3196.0,6544.0,5445.0,5913.0,6788.0,1311.0,925.0,2960.0,16053.0,6845.0,2921.0,3158.0,9764.0,1634.0,2580.0,5062.0,13400.0,2820.0,9720.0,4677.0,2739.0
2013-07-31,2370.0,3308.0,7949.0,33481.0,7736.0,5766.0,21322.0,6565.0,758.0,1123.0,1150.0,10389.0,3201.0,299.0,1787.0,1570.0,8340.0,2924.0,6983.0,5560.0,6353.0,6811.0,1330.0,977.0,3073.0,18644.0,7147.0,3205.0,3474.0,9926.0,1638.0,2657.0,5316.0,14476.0,2878.0,9400.0,5214.0,2876.0
2013-08-31,2312.0,3444.0,7370.0,33234.0,7059.0,5445.0,20696.0,6329.0,892.0,1091.0,1076.0,10302.0,2947.0,317.0,1734.0,1701.0,7939.0,2819.0,7291.0,6053.0,6139.0,6461.0,1368.0,909.0,2947.0,19284.0,6928.0,3131.0,3305.0,9682.0,1655.0,2814.0,5126.0,14128.0,2742.0,8783.0,4958.0,2675.0
2013-09-30,1957.0,3088.0,6621.0,27929.0,5884.0,4045.0,18086.0,5241.0,740.0,884.0,927.0,8411.0,2351.0,282.0,1544.0,1356.0,6028.0,2291.0,6655.0,4829.0,5034.0,5222.0,1063.0,766.0,2680.0,16549.0,5653.0,2705.0,2793.0,7780.0,1355.0,2356.0,4318.0,11317.0,2317.0,7041.0,4162.0,2057.0
2013-10-31,2030.0,2997.0,6626.0,29122.0,5544.0,4133.0,18161.0,5333.0,715.0,874.0,798.0,8574.0,2347.0,253.0,1373.0,1290.0,5714.0,2294.0,6377.0,4490.0,4782.0,5425.0,1174.0,769.0,2741.0,16405.0,5816.0,2435.0,2737.0,7860.0,1394.0,2195.0,4233.0,10560.0,2267.0,7188.0,4130.0,1893.0
2013-11-30,1684.0,2325.0,5563.0,24807.0,4604.0,3734.0,15740.0,4537.0,719.0,709.0,722.0,6924.0,1979.0,243.0,1302.0,1099.0,5077.0,2049.0,4985.0,3730.0,4082.0,4540.0,896.0,579.0,2298.0,13191.0,5070.0,2142.0,2241.0,6725.0,1211.0,1836.0,3722.0,8907.0,1858.0,5905.0,3361.0,1834.0
2013-12-31,1811.0,2618.0,6376.0,25440.0,4523.0,3914.0,18321.0,4684.0,736.0,696.0,730.0,7206.0,1954.0,194.0,1190.0,1143.0,5196.0,2071.0,4828.0,3390.0,4140.0,4870.0,898.0,651.0,2492.0,14299.0,5000.0,2120.0,2259.0,7112.0,1193.0,2016.0,3767.0,9510.0,1927.0,6529.0,3343.0,1442.0
2014-01-31,1465.0,2128.0,5151.0,19941.0,3324.0,2686.0,14369.0,3773.0,581.0,445.0,568.0,5306.0,1423.0,179.0,888.0,930.0,3591.0,1447.0,3863.0,2729.0,3022.0,3750.0,696.0,555.0,2040.0,11528.0,3810.0,1681.0,1693.0,5108.0,898.0,1497.0,2820.0,7152.0,1495.0,4513.0,2400.0,1108.0
2014-02-28,1494.0,2198.0,5811.0,19933.0,3681.0,2306.0,14925.0,4053.0,503.0,482.0,557.0,5068.0,1479.0,194.0,910.0,1042.0,2784.0,1415.0,3484.0,2567.0,3209.0,3701.0,651.0,565.0,1966.0,9117.0,3831.0,1768.0,1785.0,4370.0,739.0,1558.0,3070.0,8288.0,1645.0,4821.0,2661.0,1054.0
2014-03-31,1950.0,2594.0,7106.0,25010.0,4837.0,3033.0,18762.0,5125.0,636.0,694.0,794.0,6537.0,1984.0,249.0,1168.0,1193.0,3780.0,1773.0,4234.0,3306.0,4122.0,4859.0,903.0,724.0,2454.0,10826.0,4969.0,2352.0,2252.0,5685.0,967.0,2178.0,4059.0,10515.0,2129.0,5953.0,3464.0,1545.0
2014-04-30,2250.0,2930.0,8205.0,29529.0,5998.0,3429.0,21520.0,5772.0,699.0,784.0,959.0,7854.0,2397.0,296.0,1335.0,1419.0,4744.0,2017.0,4975.0,3939.0,4926.0,5715.0,1057.0,729.0,2640.0,11438.0,5879.0,2529.0,2681.0,6801.0,1168.0,2413.0,4605.0,11753.0,2346.0,7241.0,4125.0,1915.0
2014-05-31,2438.0,3344.0,7964.0,30712.0,7076.0,4218.0,21524.0,6876.0,791.0,1056.0,1098.0,9336.0,2938.0,391.0,1586.0,1669.0,6295.0,2461.0,6102.0,5031.0,6211.0,6764.0,1321.0,837.0,2802.0,13621.0,7118.0,2918.0,3046.0,8316.0,1407.0,2765.0,5208.0,13543.0,2768.0,8467.0,4674.0,2442.0
2014-06-30,2462.0,3454.0,7667.0,30566.0,7715.0,5608.0,21095.0,7196.0,722.0,1124.0,1044.0,11171.0,3061.0,327.0,1742.0,1741.0,8033.0,3026.0,6845.0,5708.0,6492.0,7239.0,1448.0,853.0,2860.0,16051.0,7932.0,3056.0,3284.0,9922.0,1653.0,3085.0,5511.0,14319.0,2739.0,9371.0,5006.0,2948.0
2014-07-31,2521.0,3408.0,7260.0,31373.0,7855.0,5611.0,20585.0,7092.0,774.0,1138.0,1133.0,11428.0,3011.0,362.0,1784.0,1689.0,8030.0,2772.0,7384.0,5570.0,6386.0,7142.0,1352.0,873.0,2944.0,17697.0,8187.0,3043.0,3348.0,9659.0,1600.0,2961.0,5613.0,14236.0,2779.0,8860.0,5134.0,2831.0
2014-08-31,2404.0,3264.0,6827.0,29419.0,7113.0,5069.0,19559.0,6721.0,779.0,1009.0,1042.0,10306.0,2777.0,331.0,1774.0,1631.0,7565.0,2697.0,7052.0,5411.0,6058.0,6728.0,1277.0,865.0,2735.0,17567.0,7492.0,2953.0,3236.0,9176.0,1475.0,2810.0,5327.0,13612.0,2792.0,8181.0,4796.0,2444.0
2014-09-30,2266.0,3096.0,6631.0,27648.0,6598.0,4412.0,18777.0,6040.0,734.0,905.0,943.0,9463.0,2565.0,292.0,1454.0,1499.0,6095.0,2457.0,6767.0,4405.0,5268.0,5757.0,1153.0,732.0,2659.0,15552.0,6891.0,2688.0,2966.0,8141.0,1480.0,2659.0,4966.0,11810.0,2499.0,7077.0,4495.0,2117.0
2014-10-31,2148.0,3263.0,6467.0,29294.0,6428.0,4465.0,20028.0,6255.0,873.0,922.0,941.0,9495.0,2535.0,280.0,1463.0,1429.0,6115.0,2390.0,6879.0,4630.0,5344.0,6106.0,1024.0,773.0,2607.0,16184.0,6747.0,2673.0,3134.0,8222.0,1521.0,2643.0,4915.0,11628.0,2525.0,7325.0,4583.0,2151.0
2014-11-30,1614.0,2598.0,5359.0,22703.0,4806.0,3371.0,15788.0,4842.0,624.0,718.0,714.0,6892.0,1888.0,229.0,1178.0,1151.0,4858.0,1948.0,5197.0,3477.0,4035.0,4627.0,827.0,617.0,2283.0,12463.0,5041.0,2118.0,2331.0,6635.0,1165.0,1992.0,3872.0,8780.0,1996.0,5798.0,3459.0,1481.0
2014-12-31,1819.0,3019.0,6670.0,26111.0,5315.0,4012.0,20640.0,5701.0,741.0,802.0,772.0,7833.0,2127.0,269.0,1315.0,1376.0,5585.0,2364.0,5394.0,3602.0,4559.0,5687.0,935.0,682.0,2587.0,14942.0,5394.0,2401.0,2664.0,7990.0,1365.0,2453.0,4497.0,10591.0,2164.0,7177.0,3733.0,1651.0
2015-01-31,1380.0,2193.0,5097.0,18845.0,3608.0,2663.0,14727.0,4190.0,578.0,541.0,588.0,5462.0,1427.0,197.0,985.0,1050.0,3618.0,1517.0,4176.0,2972.0,3233.0,4031.0,663.0,555.0,1980.0,11172.0,4003.0,1690.0,1833.0,5315.0,916.0,1823.0,3167.0,7362.0,1522.0,4834.0,2549.0,1103.0
2015-02-28,1532.0,2514.0,6211.0,19774.0,3972.0,2596.0,16729.0,4588.0,547.0,567.0,673.0,5285.0,1597.0,195.0,919.0,1110.0,2889.0,1555.0,3944.0,2872.0,3661.0,4123.0,671.0,580.0,2172.0,10066.0,4017.0,1890.0,1925.0,5080.0,786.0,1936.0,3295.0,8577.0,1982.0,4979.0,2850.0,1117.0
2015-03-31,2081.0,3289.0,8584.0,28526.0,5813.0,3114.0,22797.0,6662.0,690.0,825.0,974.0,7731.0,2214.0,292.0,1316.0,1494.0,3876.0,2112.0,5162.0,4337.0,5293.0,5998.0,1013.0,860.0,2929.0,12144.0,5714.0,2604.0,2917.0,6999.0,1007.0,2828.0,4692.0,11537.0,2880.0,7216.0,4342.0,1953.0
2015-04-30,2302.0,3505.0,9187.0,32568.0,6707.0,3670.0,24126.0,7224.0,836.0,1022.0,1147.0,9048.0,2579.0,321.0,1482.0,1550.0,4470.0,2350.0,5957.0,5385.0,5968.0,6368.0,1173.0,872.0,3064.0,12386.0,6378.0,2637.0,3412.0,7796.0,1112.0,2951.0,4977.0,12278.0,2943.0,8046.0,5168.0,2319.0
2015-05-31,2343.0,3742.0,9018.0,32439.0,7708.0,4595.0,23971.0,7948.0,805.0,1291.0,1201.0,10721.0,3000.0,358.0,1710.0,1869.0,6110.0,2906.0,6613.0,6370.0,7134.0,7486.0,1463.0,928.0,3025.0,13837.0,7640.0,3090.0,3591.0,9268.0,1473.0,3245.0,5924.0,13739.0,3167.0,9102.0,5492.0,2795.0
2015-06-30,2496.0,4185.0,9525.0,36601.0,8852.0,6353.0,26029.0,8798.0,813.0,1416.0,1397.0,13599.0,3529.0,434.0,2103.0,1856.0,9295.0,3680.0,8224.0,7097.0,7739.0,8702.0,1581.0,1025.0,3390.0,18461.0,9039.0,3197.0,4301.0,11794.0,1920.0,3817.0,6540.0,15405.0,3567.0,11222.0,6192.0,3554.0
2015-07-31,2161.0,4381.0,8844.0,36309.0,8656.0,6512.0,25079.0,8699.0,838.0,1423.0,1314.0,13075.0,3488.0,447.0,2066.0,1962.0,9724.0,3203.0,8366.0,6584.0,7701.0,8588.0,1534.0,1101.0,3491.0,20733.0,9134.0,3357.0,4267.0,11763.0,1932.0,3622.0,6547.0,15641.0,3527.0,10447.0,6336.0,3349.0
2015-08-31,1534.0,5334.0,7753.0,32145.0,7832.0,5509.0,22511.0,7916.0,754.0,1186.0,1205.0,11783.0,2937.0,364.0,1868.0,1907.0,8588.0,3155.0,7749.0,6142.0,6521.0,7451.0,1323.0,987.0,3231.0,19902.0,8328.0,3105.0,4050.0,10769.0,1743.0,3211.0,6032.0,14446.0,3161.0,9041.0,5553.0,2684.0
2015-09-30,1304.0,5068.0,7711.0,31015.0,7339.0,5111.0,22095.0,7194.0,821.0,1005.0,1163.0,10586.0,2660.0,409.0,1814.0,1772.0,7187.0,2791.0,7782.0,5383.0,5940.0,6895.0,1235.0,937.0,3020.0,18279.0,7555.0,2861.0,3790.0,9386.0,1642.0,3113.0,5762.0,12898.0,3008.0,8325.0,5315.0,2348.0
2015-10-31,1120.0,4061.0,7011.0,29456.0,6644.0,4661.0,21378.0,6658.0,771.0,1040.0,1063.0,10084.0,2545.0,342.0,1658.0,1488.0,6748.0,2704.0,7344.0,5108.0,5610.0,6536.0,1209.0,869.0,2778.0,17924.0,7051.0,2574.0,3463.0,9171.0,1666.0,2742.0,5137.0,11691.0,2619.0,7729.0,4898.0,2242.0
2015-11-30,915.0,2654.0,5703.0,23050.0,5045.0,3627.0,17500.0,5338.0,606.0,760.0,812.0,7191.0,1978.0,236.0,1198.0,1296.0,5351.0,2162.0,5358.0,3814.0,4253.0,4888.0,896.0,667.0,2361.0,14363.0,5409.0,1979.0,2717.0,7159.0,1297.0,2151.0,3940.0,9308.0,2089.0,6492.0,3808.0,1589.0
2015-12-31,1108.0,2769.0,7508.0,29570.0,6110.0,4366.0,22522.0,6589.0,782.0,892.0,961.0,8579.0,2419.0,331.0,1427.0,1498.0,6453.0,2656.0,5950.0,4161.0,5271.0,6175.0,1097.0,844.0,3177.0,16818.0,6453.0,2363.0,3212.0,8634.0,1514.0,2676.0,4916.0,11651.0,2543.0,8014.0,4549.0,1794.0
2016-01-31,849.0,1818.0,5818.0,20772.0,4150.0,3088.0,16642.0,4799.0,621.0,707.0,648.0,6356.0,1529.0,237.0,1149.0,1190.0,4534.0,1912.0,5034.0,3303.0,3784.0,4341.0,732.0,590.0,2205.0,13034.0,4617.0,1901.0,2269.0,6333.0,1040.0,2032.0,3460.0,8123.0,1840.0,5404.0,2890.0,1265.0
2016-02-29,959.0,1635.0,6461.0,20857.0,4447.0,2805.0,18400.0,5564.0,698.0,670.0,749.0,6299.0,1837.0,240.0,1241.0,1308.0,3659.0,2031.0,4735.0,3308.0,3968.0,4779.0,757.0,689.0,2502.0,12537.0,5053.0,2030.0,2179.0,6127.0,1037.0,2270.0,3949.0,9703.0,1950.0,5856.0,3251.0,1210.0
2016-03-31,1299.0,1577.0,9342.0,29116.0,6129.0,3742.0,24875.0,7609.0,756.0,958.0,1056.0,8842.0,2423.0,394.0,1675.0,1730.0,4844.0,2416.0,6059.0,4709.0,5905.0,6758.0,1101.0,949.0,3316.0,14417.0,6922.0,2788.0,3105.0,7620.0,1268.0,3018.0,5322.0,12639.0,2830.0,7645.0,4827.0,2016.0
2016-04-30,1417.0,1297.0,9417.0,31384.0,6601.0,4423.0,25823.0,8142.0,777.0,1109.0,1215.0,10669.0,2814.0,416.0,1755.0,1721.0,5547.0,2803.0,6561.0,4909.0,6499.0,7591.0,1276.0,1044.0,3313.0,14352.0,7994.0,3022.0,3320.0,8952.0,1471.0,3287.0,5853.0,13025.0,3049.0,8995.0,5319.0,2578.0
2016-05-31,1696.0,1321.0,9843.0,33105.0,7687.0,4841.0,26533.0,9443.0,826.0,1293.0,1348.0,12113.0,3481.0,465.0,1958.0,2050.0,7100.0,3452.0,7534.0,5441.0,7662.0,8799.0,1439.0,1041.0,4354.0,16170.0,8902.0,3312.0,3789.0,10532.0,1832.0,3778.0,6493.0,14364.0,3525.0,10713.0,6023.0,3032.0
2016-06-30,1667.0,1192.0,9986.0,36581.0,8569.0,5738.0,28066.0,10173.0,900.0,1576.0,1544.0,14701.0,3730.0,493.0,2204.0,2153.0,10066.0,4098.0,8916.0,7687.0,8495.0,10071.0,1626.0,1133.0,0.0,20889.0,10036.0,3340.0,4106.0,13168.0,2179.0,4163.0,6951.0,15720.0,3699.0,12236.0,6844.0,3770.0
2016-07-31,1454.0,902.0,8591.0,32495.0,7827.0,4275.0,24669.0,9527.0,788.0,1291.0,1375.0,12826.0,3358.0,474.0,1940.0,1920.0,8073.0,3255.0,8073.0,6524.0,7320.0,8480.0,1369.0,1091.0,6611.0,19984.0,9079.0,3063.0,3607.0,10994.0,1914.0,3608.0,6392.0,14429.0,3214.0,10382.0,6279.0,3132.0
2016-08-31,1608.0,926.0,8782.0,34317.0,8046.0,4227.0,26103.0,9767.0,846.0,1223.0,1368.0,13415.0,3277.0,519.0,2008.0,1783.0,9158.0,3420.0,8860.0,6652.0,7364.0,8854.0,1321.0,1097.0,6838.0,22715.0,9339.0,3177.0,3892.0,11393.0,2022.0,3696.0,6560.0,15286.0,3601.0,10565.0,6566.0,3042.0
2016-09-30,1393.0,910.0,8168.0,32005.0,7441.0,3298.0,23431.0,8548.0,809.0,1098.0,1287.0,11079.0,3017.0,415.0,1923.0,1798.0,7318.0,3154.0,8221.0,5888.0,6638.0,7824.0,1292.0,1005.0,6266.0,19844.0,8584.0,3024.0,3634.0,9876.0,1897.0,3417.0,5964.0,13336.0,3308.0,8782.0,5912.0,2506.0
2016-10-31,1211.0,1112.0,7801.0,29804.0,6750.0,3020.0,21032.0,7905.0,676.0,1060.0,1100.0,9865.0,2615.0,368.0,1803.0,1878.0,6394.0,3013.0,7421.0,5141.0,5948.0,7073.0,1138.0,847.0,5687.0,17844.0,7878.0,2659.0,3348.0,9242.0,1689.0,3109.0,5589.0,11947.0,2957.0,8317.0,5444.0,2177.0
2016-11-30,1159.0,1153.0,7591.0,28911.0,6307.0,2757.0,20572.0,7290.0,661.0,969.0,1157.0,8965.0,2393.0,331.0,1700.0,1713.0,6303.0,2866.0,6732.0,4551.0,5522.0,6564.0,1066.0,825.0,5647.0,16913.0,6869.0,2298.0,3163.0,8909.0,1605.0,2652.0,4967.0,11100.0,2753.0,7921.0,5035.0,1897.0
2016-12-31,1195.0,1227.0,7830.0,28535.0,6216.0,3039.0,23461.0,7824.0,791.0,974.0,1007.0,8667.0,2468.0,341.0,1609.0,1678.0,6227.0,3203.0,6392.0,4275.0,5582.0,6990.0,988.0,899.0,5026.0,18102.0,6968.0,2474.0,3300.0,8971.0,1652.0,2920.0,5169.0,11634.0,2673.0,8126.0,4612.0,1874.0
2017-01-31,920.0,994.0,6916.0,21897.0,4583.0,2374.0,18554.0,5559.0,712.0,725.0,686.0,6935.0,1677.0,284.0,1166.0,1458.0,4714.0,2324.0,5475.0,3133.0,3845.0,5235.0,741.0,663.0,2598.0,15458.0,5128.0,1779.0,2280.0,6846.0,1208.0,2259.0,3970.0,8488.0,1881.0,6473.0,3652.0,1269.0
2017-02-28,1032.0,1010.0,7313.0,21002.0,4440.0,1887.0,19697.0,6254.0,644.0,702.0,654.0,6020.0,1815.0,256.0,1182.0,1335.0,3397.0,2233.0,4730.0,2800.0,4020.0,5354.0,627.0,683.0,2698.0,13008.0,5269.0,2036.0,2113.0,6051.0,1005.0,2501.0,4086.0,9731.0,1934.0,6469.0,3530.0,1224.0
2017-03-31,1542.0,1386.0,10608.0,31057.0,6627.0,2589.0,28180.0,9521.0,818.0,1062.0,979.0,9969.0,3002.0,387.0,1801.0,1836.0,5120.0,3161.0,6638.0,4284.0,6286.0,8359.0,1053.0,1031.0,3713.0,15670.0,7702.0,2988.0,2985.0,9072.0,1373.0,3544.0,5696.0,13074.0,2831.0,9066.0,4903.0,2023.0
2017-04-30,1450.0,1258.0,9864.0,29972.0,6676.0,2734.0,26333.0,8791.0,791.0,1046.0,1127.0,10579.0,2942.0,374.0,1621.0,1745.0,5181.0,3200.0,6460.0,4819.0,6438.0,8031.0,1093.0,1070.0,3351.0,15021.0,7691.0,2791.0,2859.0,9273.0,1506.0,3314.0,5599.0,12763.0,2853.0,9725.0,4904.0,2358.0
2017-05-31,1702.0,1352.0,11062.0,35370.0,7959.0,5163.0,29832.0,10709.0,889.0,1377.0,1409.0,13297.0,3530.0,480.0,1968.0,2063.0,7471.0,3952.0,8209.0,6486.0,7998.0,9510.0,1381.0,1266.0,4201.0,18576.0,9846.0,3637.0,3701.0,11552.0,1850.0,3920.0,6808.0,15617.0,3457.0,11791.0,6415.0,2985.0
2017-06-30,1767.0,1398.0,10687.0,38812.0,8757.0,6864.0,29987.0,11239.0,885.0,1627.0,1566.0,15210.0,4028.0,498.0,2147.0,2208.0,10135.0,4702.0,9418.0,7685.0,8606.0,10525.0,1538.0,1271.0,4421.0,22409.0,10596.0,3457.0,4093.0,13684.0,2302.0,4338.0,7003.0,16440.0,3586.0,12965.0,7146.0,3785.0
2017-07-31,1518.0,1063.0,8840.0,32479.0,7749.0,5929.0,25835.0,9737.0,827.0,1333.0,1378.0,12239.0,3294.0,432.0,1887.0,1984.0,8529.0,3488.0,8146.0,6307.0,7466.0,8983.0,1363.0,1113.0,3736.0,20369.0,9075.0,3075.0,3652.0,11668.0,2044.0,3900.0,6473.0,14758.0,3183.0,10680.0,6442.0,3062.0
2017-08-31,1689.0,1003.0,9157.0,36139.0,8080.0,6242.0,27156.0,9936.0,944.0,1275.0,1502.0,12779.0,3334.0,448.0,2121.0,1966.0,9190.0,3884.0,9193.0,6613.0,7586.0,9595.0,1416.0,1137.0,3955.0,23961.0,9963.0,3134.0,3873.0,12073.0,2130.0,3918.0,6839.0,15255.0,3619.0,10656.0,6877.0,3091.0
2017-09-30,1339.0,938.0,8212.0,31040.0,6976.0,4871.0,18917.0,8327.0,898.0,1096.0,1397.0,10333.0,2974.0,413.0,1800.0,1690.0,7085.0,3186.0,8058.0,5499.0,6392.0,8106.0,1142.0,1013.0,3454.0,19791.0,8433.0,2789.0,3314.0,10170.0,1981.0,3335.0,5829.0,12682.0,3069.0,8876.0,5936.0,2493.0
2017-10-31,1226.0,865.0,8219.0,29399.0,6849.0,4071.0,21968.0,8388.0,845.0,1086.0,1239.0,9631.0,2891.0,405.0,1656.0,1588.0,6888.0,3178.0,8135.0,5125.0,6248.0,7791.0,1099.0,936.0,3557.0,19513.0,8226.0,2603.0,3282.0,9954.0,1886.0,3066.0,5765.0,12146.0,3174.0,9058.0,5903.0,2304.0
2017-11-30,1260.0,812.0,8002.0,26559.0,6347.0,3228.0,21304.0,7563.0,829.0,944.0,1121.0,8546.0,2593.0,346.0,1551.0,1493.0,6626.0,3013.0,7012.0,4638.0,5861.0,7210.0,1065.0,808.0,3184.0,17395.0,7342.0,2388.0,3066.0,9391.0,1658.0,2965.0,5180.0,11410.0,2725.0,8190.0,5212.0,1945.0
2017-12-31,1149.0,725.0,7793.0,25517.0,5660.0,3032.0,23870.0,7570.0,841.0,960.0,1015.0,8329.0,2496.0,346.0,1487.0,1474.0,5985.0,2830.0,6176.0,3971.0,5537.0,6756.0,1048.0,828.0,3254.0,17786.0,6853.0,2484.0,2935.0,9198.0,1624.0,3007.0,5096.0,11701.0,2555.0,7941.0,4549.0,1800.0
2018-01-31,892.0,585.0,6888.0,20386.0,4397.0,2287.0,19040.0,5599.0,625.0,657.0,789.0,6278.0,1846.0,236.0,1244.0,1201.0,4577.0,2083.0,5178.0,2829.0,4140.0,5354.0,762.0,729.0,2876.0,15295.0,5134.0,1943.0,2115.0,7030.0,1133.0,2364.0,3955.0,8722.0,2083.0,6223.0,3253.0,1334.0
2018-02-28,1148.0,665.0,7788.0,20338.0,4565.0,1914.0,20102.0,6468.0,549.0,680.0,836.0,5863.0,1923.0,267.0,1381.0,1369.0,3319.0,2140.0,4579.0,2647.0,4197.0,5540.0,718.0,696.0,2616.0,12786.0,5169.0,2099.0,2277.0,5801.0,1029.0,2567.0,4125.0,10168.0,2278.0,6216.0,3653.0,1309.0
2018-03-31,1520.0,852.0,10697.0,28768.0,6434.0,2528.0,27588.0,9001.0,822.0,1035.0,1121.0,9770.0,2723.0,428.0,1666.0,1831.0,4751.0,2898.0,6259.0,4025.0,6055.0,7850.0,915.0,1054.0,3995.0,14697.0,7602.0,2808.0,2958.0,8656.0,1337.0,3616.0,5684.0,13196.0,2839.0,8817.0,4861.0,2186.0
2018-04-30,1602.0,978.0,10400.0,29406.0,6803.0,2955.0,28692.0,9358.0,876.0,1148.0,1225.0,11928.0,3076.0,398.0,1867.0,1927.0,5472.0,3216.0,6851.0,4654.0,6597.0,8285.0,1056.0,1085.0,3634.0,15828.0,8105.0,2799.0,3308.0,9767.0,1466.0,3576.0,6113.0,13601.0,2836.0,9868.0,5418.0,2441.0
2018-05-31,1973.0,1136.0,11388.0,32385.0,8022.0,3599.0,30016.0,10732.0,881.0,1480.0,1600.0,14316.0,3582.0,525.0,2129.0,2131.0,7127.0,3743.0,8411.0,5918.0,8374.0,9533.0,1369.0,1197.0,3965.0,18304.0,9777.0,3424.0,3736.0,11667.0,1875.0,4283.0,6970.0,15905.0,3294.0,11788.0,6381.0,2932.0
2018-06-30,1822.0,1043.0,10651.0,32565.0,8270.0,4744.0,29525.0,10636.0,958.0,1497.0,1614.0,15531.0,3887.0,509.0,2196.0,2114.0,9723.0,4326.0,8938.0,7287.0,8573.0,10147.0,1619.0,1189.0,4108.0,21684.0,10585.0,3481.0,4007.0,13988.0,2177.0,4499.0,7203.0,16103.0,3544.0,12663.0,6845.0,3492.0
2018-07-31,1722.0,1020.0,9641.0,30401.0,7595.0,4247.0,27094.0,10091.0,831.0,1406.0,1596.0,13611.0,3526.0,456.0,2159.0,2179.0,8727.0,3650.0,8859.0,6430.0,7900.0,9335.0,1438.0,1150.0,3998.0,21683.0,9878.0,3379.0,3756.0,12646.0,1987.0,4095.0,6617.0,15414.0,3198.0,11343.0,6225.0,3119.0
2018-08-31,1775.0,1056.0,9368.0,31213.0,7666.0,4318.0,27634.0,9800.0,993.0,1431.0,1634.0,13529.0,3586.0,431.0,2424.0,2067.0,9204.0,3838.0,9317.0,6759.0,7975.0,9425.0,1600.0,1166.0,3880.0,23440.0,9972.0,3541.0,4100.0,12852.0,2146.0,4223.0,6998.0,15462.0,3459.0,10828.0,5926.0,3057.0
2018-09-30,1425.0,822.0,7735.0,24202.0,5979.0,3026.0,21989.0,8034.0,857.0,1002.0,1204.0,10372.0,2969.0,395.0,1904.0,1675.0,6408.0,2891.0,7641.0,5275.0,6281.0,7187.0,1298.0,983.0,2980.0,17714.0,7768.0,2899.0,3018.0,9780.0,1707.0,3098.0,5715.0,11973.0,2731.0,8156.0,4701.0,2379.0
2018-10-31,1459.0,865.0,8432.0,26937.0,6222.0,3336.0,23801.0,8246.0,763.0,1108.0,1402.0,10729.0,3008.0,364.0,1828.0,1654.0,6630.0,3105.0,7864.0,5334.0,6484.0,7291.0,1326.0,1001.0,3324.0,19525.0,8286.0,3060.0,3259.0,10300.0,1838.0,3232.0,5815.0,12053.0,2834.0,8790.0,4949.0,2332.0
2018-11-30,1360.0,800.0,7509.0,23275.0,5372.0,3030.0,21742.0,7397.0,742.0,1048.0,1218.0,9343.0,2586.0,308.0,1607.0,1443.0,6636.0,2776.0,6606.0,4607.0,5865.0,6673.0,1112.0,898.0,2860.0,17097.0,7213.0,2663.0,2806.0,9594.0,1674.0,3048.0,5156.0,10741.0,2612.0,8185.0,4311.0,2086.0
2018-12-31,1085.0,730.0,7166.0,20987.0,4879.0,2801.0,21336.0,6784.0,749.0,853.0,959.0,8114.0,2331.0,290.0,1479.0,1297.0,5449.0,2509.0,5744.0,3756.0,4934.0,6094.0,990.0,842.0,2612.0,16439.0,6368.0,2414.0,2321.0,8660.0,1381.0,2952.0,4606.0,10872.0,2264.0,7875.0,3838.0,1653.0
2019-01-31,926.0,557.0,6221.0,17032.0,3936.0,2137.0,17055.0,5294.0,592.0,641.0,844.0,6041.0,1583.0,217.0,1227.0,1148.0,4123.0,2129.0,4853.0,2801.0,3975.0,5061.0,759.0,722.0,2259.0,14111.0,4869.0,1991.0,1906.0,6672.0,1081.0,2177.0,3974.0,8048.0,1659.0,6269.0,2910.0,1259.0
2019-02-28,1185.0,727.0,7360.0,18441.0,4630.0,1917.0,19723.0,6614.0,585.0,645.0,970.0,6368.0,1956.0,308.0,1245.0,1374.0,3676.0,2034.0,4705.0,2852.0,4205.0,5683.0,788.0,722.0,2406.0,11659.0,5118.0,2317.0,2117.0,6448.0,995.0,2734.0,4409.0,10224.0,1907.0,6571.0,3433.0,1375.0
2019-03-31,1481.0,869.0,9527.0,24650.0,5943.0,2576.0,25933.0,8717.0,755.0,835.0,1161.0,8977.0,2644.0,362.0,1655.0,1647.0,4853.0,2869.0,5944.0,3663.0,5608.0,7504.0,862.0,972.0,3147.0,14041.0,6702.0,3102.0,2694.0,8598.0,1359.0,3540.0,5537.0,12878.0,2566.0,8953.0,4095.0,1845.0
2019-04-30,1696.0,958.0,10705.0,28310.0,6882.0,3074.0,29512.0,9389.0,794.0,1037.0,1320.0,11023.0,2939.0,387.0,1759.0,1879.0,5779.0,3221.0,6861.0,4360.0,6635.0,8301.0,991.0,1165.0,3499.0,15090.0,8227.0,3316.0,3071.0,9886.0,1460.0,3833.0,6200.0,14379.0,2971.0,10449.0,5173.0,2246.0
2019-05-31,1897.0,1113.0,11528.0,31632.0,8000.0,3891.0,31698.0,10780.0,855.0,1310.0,1635.0,13338.0,3444.0,469.0,2090.0,2204.0,7584.0,3891.0,8373.0,6071.0,8237.0,9696.0,1343.0,1305.0,3907.0,18032.0,9801.0,4005.0,3644.0,12105.0,1978.0,4433.0,7380.0,16641.0,3591.0,12474.0,5967.0,2892.0
2019-06-30,1642.0,1021.0,10326.0,28977.0,7820.0,4372.0,27967.0,10014.0,800.0,1331.0,1593.0,13430.0,3485.0,433.0,2075.0,1995.0,8627.0,4075.0,8287.0,6793.0,8179.0,9504.0,1332.0,1158.0,3431.0,19379.0,9441.0,3572.0,3502.0,12712.0,2043.0,4290.0,7027.0,15211.0,3392.0,12044.0,6019.0,3170.0
2019-07-31,1631.0,1048.0,10207.0,30605.0,7980.0,4343.0,28723.0,10080.0,949.0,1307.0,1606.0,13311.0,3533.0,417.0,2218.0,2079.0,8590.0,3800.0,8577.0,6869.0,8075.0,9454.0,1351.0,1246.0,3730.0,21447.0,9465.0,3776.0,3723.0,12232.0,2141.0,4197.0,7243.0,16197.0,3613.0,11808.0,6169.0,3136.0
2019-08-31,1622.0,1021.0,9591.0,30228.0,7634.0,4169.0,27064.0,9523.0,935.0,1314.0,1503.0,12410.0,3376.0,409.0,2106.0,1924.0,8706.0,3718.0,8694.0,6829.0,7846.0,9173.0,1450.0,1260.0,3654.0,21993.0,9425.0,3734.0,3702.0,12105.0,2042.0,4284.0,7039.0,15696.0,3543.0,10906.0,5825.0,2987.0
2019-09-30,1420.0,956.0,8780.0,26288.0,6648.0,3382.0,23636.0,8148.0,904.0,1104.0,1283.0,10149.0,2918.0,314.0,1846.0,1691.0,6656.0,3181.0,7548.0,5540.0,6374.0,7604.0,1131.0,1083.0,3246.0,18475.0,7721.0,3188.0,3083.0,10064.0,1741.0,3341.0,6116.0,12828.0,2969.0,9140.0,4799.0,2329.0
2019-10-31,1265.0,890.0,8807.0,28383.0,6610.0,3415.0,24415.0,8341.0,905.0,1059.0,1331.0,9989.0,2980.0,297.0,1857.0,1853.0,7025.0,3172.0,7768.0,5467.0,6553.0,8179.0,1102.0,1035.0,3407.0,18965.0,7953.0,3211.0,3299.0,9837.0,1838.0,3493.0,6141.0,12999.0,3160.0,9697.0,5117.0,2223.0
2019-11-30,1158.0,713.0,7933.0,23786.0,5544.0,2994.0,21437.0,6980.0,807.0,908.0,1127.0,8496.0,2538.0,306.0,1654.0,1438.0,6221.0,2799.0,6681.0,4554.0,5504.0,6775.0,1078.0,914.0,2833.0,16310.0,6592.0,2643.0,2751.0,8907.0,1675.0,3046.0,5310.0,10887.0,2647.0,8225.0,4246.0,1984.0
2019-12-31,1213.0,805.0,8514.0,24555.0,5809.0,3279.0,25198.0,7854.0,862.0,937.0,1120.0,8643.0,2537.0,300.0,1616.0,1458.0,6486.0,2878.0,6072.0,4206.0,5873.0,7283.0,927.0,980.0,3039.0,17574.0,6492.0,2716.0,2692.0,9379.0,1731.0,3392.0,5478.0,12782.0,2589.0,8689.0,4312.0,1796.0
2020-01-31,989.0,628.0,7211.0,19644.0,4362.0,2595.0,19462.0,5640.0,672.0,738.0,951.0,6394.0,1769.0,247.0,1232.0,1327.0,4601.0,2400.0,5417.0,2999.0,4199.0,5616.0,682.0,821.0,2823.0,15637.0,4910.0,2213.0,2098.0,7325.0,1232.0,2660.0,4341.0,9396.0,1938.0,6757.0,2896.0,1391.0
2020-02-29,1124.0,723.0,8141.0,19994.0,4852.0,2138.0,20867.0,6897.0,569.0,687.0,947.0,6560.0,1939.0,259.0,1340.0,1363.0,3690.0,2317.0,5088.0,2957.0,4458.0,6002.0,714.0,839.0,2899.0,12880.0,5280.0,2407.0,2330.0,6658.0,1132.0,2840.0,4692.0,11051.0,2175.0,7016.0,3254.0,1323.0
2020-03-31,1344.0,877.0,10020.0,24920.0,6184.0,2867.0,27303.0,8334.0,718.0,942.0,1319.0,9306.0,2739.0,302.0,1712.0,1702.0,5059.0,3050.0,5998.0,4095.0,5885.0,7811.0,900.0,1011.0,3426.0,13852.0,6749.0,2952.0,2790.0,8873.0,1465.0,3793.0,5810.0,13440.0,2631.0,9522.0,4287.0,1968.0
2020-04-30,1291.0,871.0,8164.0,19162.0,5396.0,2908.0,20976.0,7283.0,570.0,1032.0,1170.0,9497.0,2600.0,292.0,1563.0,1564.0,5161.0,3023.0,4366.0,4534.0,5890.0,7227.0,973.0,976.0,2415.0,11723.0,6470.0,2894.0,2537.0,7718.0,1307.0,3182.0,5419.0,11358.0,2449.0,9249.0,3891.0,2137.0
2020-05-31,1333.0,949.0,7848.0,16443.0,4687.0,3192.0,17531.0,7022.0,497.0,1164.0,1102.0,8443.0,2687.0,313.0,1552.0,1457.0,5269.0,2876.0,3491.0,4638.0,6209.0,7072.0,1167.0,952.0,2030.0,12275.0,6946.0,3104.0,2503.0,6274.0,1422.0,3351.0,5488.0,11721.0,2988.0,8924.0,3925.0,2226.0
2020-06-30,1841.0,1144.0,10523.0,25489.0,8315.0,3757.0,25432.0,10017.0,608.0,1526.0,1545.0,11027.0,3449.0,414.0,2153.0,2191.0,6930.0,4168.0,1801.0,6088.0,8166.0,9622.0,1441.0,1187.0,2863.0,14542.0,8915.0,4082.0,3408.0,8683.0,1766.0,4671.0,7312.0,17143.0,3879.0,11661.0,5485.0,2815.0
2020-07-31,1968.0,1291.0,11428.0,32633.0,9627.0,5435.0,31316.0,11181.0,780.0,1727.0,1792.0,14601.0,3941.0,467.0,2369.0,2523.0,9099.0,4693.0,9860.0,6855.0,9101.0,10728.0,1566.0,1496.0,3794.0,18224.0,10333.0,4492.0,4255.0,13688.0,2225.0,5146.0,8110.0,19806.0,4091.0,13205.0,6334.0,3172.0
2020-08-31,1787.0,1205.0,10059.0,31879.0,8705.0,5597.0,30277.0,10646.0,765.0,1538.0,1669.0,14488.0,3629.0,397.0,2260.0,2265.0,9216.0,4462.0,9493.0,6707.0,8674.0,9589.0,1340.0,1282.0,3462.0,21115.0,9814.0,4173.0,4002.0,13662.0,2165.0,4583.0,7404.0,17501.0,3731.0,12770.0,6190.0,2872.0
2020-09-30,1810.0,1179.0,10816.0,33491.0,8547.0,5297.0,29893.0,10394.0,844.0,1411.0,1605.0,14307.0,3585.0,345.0,1972.0,2277.0,8585.0,4582.0,9454.0,6614.0,8373.0,9513.0,1303.0,1283.0,3779.0,22268.0,9863.0,4092.0,4133.0,13445.0,2233.0,4654.0,7404.0,16602.0,3653.0,12917.0,6539.0,2806.0
2020-10-31,1755.0,1157.0,11471.0,34071.0,8319.0,5544.0,31475.0,10480.0,812.0,1411.0,1560.0,15518.0,3648.0,405.0,2172.0,2208.0,8764.0,5136.0,9397.0,7004.0,8104.0,9811.0,1366.0,1278.0,3757.0,24735.0,9977.0,3897.0,4162.0,14063.0,2300.0,4732.0,7213.0,16166.0,3534.0,12922.0,6623.0,2546.0
2020-11-30,1593.0,1020.0,10356.0,30482.0,6698.0,4662.0,27615.0,8828.0,720.0,1165.0,1250.0,12956.0,3056.0,296.0,1886.0,1957.0,7457.0,4494.0,7993.0,5597.0,7114.0,8364.0,1189.0,1176.0,3627.0,21980.0,8070.0,3269.0,3605.0,12281.0,2081.0,3909.0,6230.0,13967.0,3057.0,11378.0,5238.0,2263.0
2020-12-31,1618.0,1026.0,11263.0,33128.0,6554.0,4863.0,32888.0,9712.0,901.0,1178.0,1118.0,12847.0,3165.0,285.0,1966.0,2125.0,8167.0,4887.0,8038.0,5165.0,7457.0,8854.0,1149.0,1199.0,3887.0,25323.0,8405.0,3631.0,3552.0,12692.0,2230.0,4402.0,6983.0,15360.0,2865.0,11962.0,5277.0,2251.0
2021-01-31,1315.0,783.0,8446.0,23864.0,4313.0,3524.0,24218.0,6801.0,714.0,807.0,737.0,10159.0,1936.0,300.0,1439.0,1660.0,5237.0,3767.0,6569.0,3553.0,5217.0,6544.0,762.0,947.0,3296.0,20871.0,5862.0,2709.0,2379.0,9410.0,1427.0,3189.0,4839.0,10817.0,1958.0,8372.0,3424.0,1470.0
2021-02-28,1388.0,784.0,9147.0,23935.0,4917.0,2756.0,26814.0,7484.0,680.0,771.0,686.0,9632.0,1976.0,200.0,1388.0,1851.0,4158.0,3797.0,6000.0,3261.0,4803.0,6988.0,703.0,922.0,3415.0,17733.0,5852.0,2708.0,2604.0,8249.0,1210.0,3301.0,4858.0,10758.0,2130.0,9053.0,3727.0,1321.0
2021-03-31,1873.0,1029.0,12173.0,33200.0,6749.0,3695.0,38168.0,10510.0,908.0,1125.0,1007.0,12772.0,2522.0,266.0,1679.0,2577.0,5944.0,5223.0,7068.0,4236.0,6180.0,9514.0,873.0,1158.0,4665.0,21555.0,7760.0,3684.0,3375.0,11044.0,1606.0,4691.0,6449.0,14701.0,2606.0,12237.0,5287.0,2098.0
2021-04-30,1918.0,1095.0,12190.0,36277.0,7397.0,4101.0,39170.0,10836.0,972.0,1215.0,1141.0,14071.0,2857.0,314.0,1890.0,2787.0,6774.0,5354.0,7527.0,5002.0,6876.0,9826.0,1111.0,1165.0,4459.0,20069.0,8249.0,4006.0,3983.0,11621.0,1649.0,4550.0,6967.0,16237.0,3109.0,14171.0,6220.0,2525.0
2021-05-31,1829.0,1214.0,11122.0,33871.0,7573.0,4227.0,36050.0,10824.0,919.0,1307.0,1123.0,14395.0,3090.0,335.0,1956.0,2959.0,7718.0,5300.0,8042.0,5605.0,7495.0,10176.0,1405.0,1186.0,4045.0,20018.0,8956.0,4127.0,4274.0,12020.0,1815.0,4779.0,7294.0,16596.0,3062.0,14431.0,6179.0,2909.0
2021-06-30,2030.0,1423.0,11795.0,37874.0,8820.0,5770.0,39398.0,12290.0,1112.0,1587.0,1259.0,17479.0,3588.0,389.0,2214.0,3239.0,10251.0,6246.0,9779.0,7620.0,9023.0,11783.0,1625.0,1345.0,4482.0,25466.0,10574.0,4673.0,4830.0,15614.0,2441.0,5403.0,8292.0,18649.0,3532.0,16769.0,7314.0,3730.0
2021-07-31,1749.0,1296.0,10176.0,35031.0,8249.0,5476.0,34874.0,11489.0,1017.0,1424.0,1297.0,16291.0,3618.0,352.0,2121.0,3007.0,9270.0,5485.0,8927.0,6903.0,8416.0,10406.0,1631.0,1356.0,4130.0,25523.0,10323.0,4245.0,4733.0,14693.0,2121.0,4932.0,7867.0,17953.0,3300.0,14898.0,6917.0,3603.0
2021-08-31,1817.0,1234.0,9833.0,33738.0,8034.0,5198.0,32547.0,11015.0,1015.0,1332.0,1173.0,15757.0,3421.0,362.0,2021.0,2369.0,8984.0,5394.0,9310.0,7122.0,8477.0,10390.0,1385.0,1336.0,4151.0,26186.0,10186.0,4251.0,4470.0,14970.0,2078.0,4784.0,7781.0,17638.0,3365.0,14211.0,6528.0,3330.0
2021-09-30,1679.0,1218.0,9863.0,32609.0,7444.0,4411.0,30479.0,9584.0,955.0,1158.0,1228.0,13455.0,3400.0,286.0,2018.0,2016.0,8036.0,5121.0,8949.0,6463.0,7852.0,9655.0,1327.0,1268.0,3902.0,22818.0,9785.0,4017.0,4306.0,13844.0,1962.0,4519.0,7029.0,16755.0,3147.0,12756.0,6139.0,2992.0
2021-10-31,1358.0,1149.0,9507.0,31483.0,7168.0,3982.0,29666.0,8957.0,977.0,1181.0,1195.0,12206.0,3033.0,250.0,1973.0,2218.0,6836.0,5144.0,8493.0,6023.0,7203.0,9449.0,1172.0,1201.0,3710.0,23182.0,9438.0,3633.0,4189.0,12970.0,1666.0,4294.0,6179.0,15652.0,3052.0,12464.0,5573.0,2804.0
2021-11-30,1456.0,1070.0,10010.0,30342.0,6937.0,3969.0,29491.0,9297.0,936.0,1094.0,1111.0,11496.0,2924.0,248.0,1819.0,2237.0,7478.0,4955.0,7862.0,5521.0,6741.0,9072.0,1214.0,1148.0,4060.0,20898.0,8509.0,3582.0,3819.0,12515.0,1801.0,3920.0,6391.0,14889.0,2964.0,12040.0,5109.0,2511.0
2021-12-31,1415.0,1025.0,9960.0,29437.0,6085.0,4005.0,31639.0,8656.0,859.0,977.0,948.0,10698.0,2819.0,214.0,1813.0,2361.0,7470.0,4617.0,7359.0,4990.0,6685.0,8956.0,1102.0,1036.0,3891.0,22172.0,8210.0,3590.0,3366.0,14674.0,1807.0,4005.0,6547.0,15296.0,2776.0,11399.0,4274.0,2461.0
2022-01-31,1059.0,782.0,7804.0,21248.0,3977.0,2853.0,24600.0,6599.0,819.0,722.0,750.0,8477.0,1934.0,190.0,1262.0,1787.0,4693.0,3388.0,5881.0,3020.0,4488.0,6572.0,691.0,822.0,3100.0,19105.0,5715.0,2846.0,2341.0,10793.0,1260.0,2961.0,4624.0,10899.0,1771.0,8083.0,2570.0,1544.0
2022-02-28,1131.0,797.0,8515.0,21653.0,4326.0,2255.0,25195.0,7265.0,656.0,692.0,746.0,7266.0,1947.0,167.0,1280.0,1888.0,3639.0,3239.0,5316.0,2636.0,4282.0,6442.0,699.0,727.0,3026.0,15268.0,5227.0,2506.0,2444.0,8580.0,979.0,3059.0,4685.0,11481.0,1923.0,8044.0,2988.0,1374.0
2022-03-31,1608.0,1038.0,10698.0,30814.0,5898.0,2950.0,32801.0,9542.0,864.0,950.0,996.0,9999.0,2435.0,224.0,1651.0,2421.0,4891.0,4299.0,6289.0,3744.0,5679.0,8477.0,864.0,1043.0,3985.0,17978.0,6777.0,3268.0,3509.0,10780.0,1225.0,4069.0,6210.0,14157.0,2501.0,11307.0,4602.0,1976.0
2022-04-30,1598.0,1013.0,9849.0,30016.0,6413.0,2967.0,31142.0,9032.0,909.0,988.0,1009.0,10704.0,2619.0,236.0,1694.0,2472.0,5397.0,4332.0,6589.0,4359.0,6036.0,8492.0,1029.0,979.0,3622.0,17162.0,7336.0,3266.0,3563.0,10649.0,1315.0,3916.0,6166.0,13936.0,2605.0,11422.0,5195.0,2101.0
2022-05-31,1693.0,1290.0,9352.0,28720.0,6842.0,3309.0,30649.0,9398.0,891.0,1128.0,1055.0,11452.0,2941.0,200.0,1734.0,2613.0,6598.0,4511.0,7261.0,5227.0,6998.0,8834.0,1063.0,1050.0,3587.0,18352.0,8348.0,3577.0,3638.0,11229.0,1473.0,4280.0,6603.0,15129.0,2693.0,12398.0,5436.0,2449.0
2022-06-30,1713.0,1109.0,8377.0,27228.0,6874.0,4088.0,28521.0,9106.0,852.0,1294.0,961.0,12462.0,3158.0,275.0,1832.0,2485.0,8924.0,4614.0,8332.0,6159.0,7765.0,9456.0,1321.0,1110.0,3094.0,21123.0,8839.0,3520.0,3643.0,12919.0,1697.0,4333.0,6843.0,15307.0,2630.0,12300.0,5341.0,2915.0
2022-07-31,1396.0,1062.0,6402.0,21768.0,5531.0,3806.0,22998.0,7864.0,697.0,1074.0,791.0,10331.0,2918.0,226.0,1784.0,2171.0,7209.0,3686.0,7422.0,5219.0,6910.0,7681.0,1107.0,971.0,2421.0,20101.0,8251.0,3335.0,2951.0,11149.0,1588.0,3715.0,6067.0,13432.0,2036.0,10086.0,4068.0,2528.0
2022-08-31,1450.0,1129.0,6440.0,23442.0,5550.0,3918.0,23375.0,7751.0,718.0,1134.0,850.0,10295.0,3019.0,271.0,1763.0,2029.0,7548.0,4120.0,7789.0,5325.0,6923.0,7864.0,1091.0,1006.0,2385.0,21224.0,8566.0,3465.0,3115.0,11659.0,1608.0,3797.0,6108.0,13729.0,2298.0,9991.0,4384.0,2571.0
2022-09-30,1343.0,919.0,6473.0,21534.0,5298.0,3441.0,18903.0,7160.0,706.0,957.0,793.0,9206.0,2745.0,187.0,1653.0,1801.0,6431.0,3604.0,7281.0,4505.0,6307.0,7352.0,994.0,920.0,2251.0,18058.0,7685.0,3225.0,2795.0,10222.0,1432.0,3459.0,5722.0,12552.0,2266.0,8865.0,4011.0,2327.0
2022-10-31,1128.0,785.0,5548.0,18461.0,4316.0,2875.0,19257.0,6194.0,633.0,823.0,766.0,7761.0,2346.0,190.0,1464.0,1619.0,5472.0,3132.0,6415.0,3801.0,5351.0,6395.0,804.0,798.0,2002.0,15968.0,6818.0,2703.0,2369.0,8744.0,1266.0,2980.0,4660.0,10457.0,1777.0,7654.0,3425.0,1876.0
2022-11-30,976.0,666.0,4833.0,15647.0,3607.0,2585.0,15764.0,5201.0,501.0,741.0,625.0,6690.0,2122.0,142.0,1159.0,1340.0,4980.0,2798.0,5286.0,3086.0,4747.0,5417.0,702.0,690.0,1759.0,14190.0,5713.0,2234.0,1944.0,7827.0,1086.0,2594.0,4002.0,8728.0,1545.0,6348.0,2658.0,1594.0
2022-12-31,896.0,668.0,4984.0,14825.0,3282.0,2447.0,16993.0,5305.0,495.0,631.0,560.0,6108.0,1890.0,139.0,1060.0,1352.0,4731.0,2477.0,4786.0,2687.0,4403.0,5174.0,646.0,658.0,1700.0,13211.0,5299.0,2117.0,1688.0,7470.0,1056.0,2441.0,3932.0,8873.0,1479.0,6171.0,2134.0,1443.0
2023-01-31,702.0,520.0,4359.0,11777.0,2612.0,1778.0,13384.0,3837.0,370.0,454.0,432.0,4394.0,1287.0,107.0,848.0,1102.0,3074.0,1684.0,3693.0,1857.0,3139.0,3930.0,458.0,512.0,1533.0,10293.0,3850.0,1619.0,1286.0,5436.0,747.0,1900.0,2960.0,6504.0,1168.0,4484.0,1688.0,922.0
2023-02-28,901.0,568.0,5667.0,13437.0,3263.0,1467.0,16318.0,4955.0,432.0,508.0,604.0,4553.0,1562.0,98.0,982.0,1222.0,2593.0,2100.0,3951.0,2029.0,3652.0,4728.0,544.0,597.0,1906.0,8519.0,4158.0,1874.0,1602.0,5431.0,628.0,2172.0,3326.0,8467.0,1557.0,5576.0,2256.0,990.0
2023-03-31,1154.0,778.0,7527.0,19161.0,4601.0,2133.0,23588.0,6808.0,587.0,759.0,731.0,7160.0,2164.0,170.0,1361.0,1636.0,3720.0,2668.0,5111.0,2773.0,4695.0,6587.0,737.0,740.0,2645.0,10735.0,5648.0,2384.0,2031.0,7607.0,899.0,3011.0,4732.0,11022.0,1998.0,7417.0,3109.0,1388.0
2023-04-30,1064.0,676.0,6758.0,17451.0,4502.0,1946.0,21383.0,6156.0,546.0,526.0,680.0,6994.0,2085.0,104.0,1139.0,1573.0,3730.0,2508.0,4510.0,2829.0,4655.0,6001.0,691.0,650.0,2273.0,9713.0,5380.0,2246.0,2002.0,7220.0,874.0,2816.0,4251.0,10448.0,1805.0,7325.0,2938.0,1446.0
2023-05-31,1273.0,805.0,8015.0,21256.0,5415.0,2362.0,24171.0,6981.0,607.0,545.0,807.0,8739.0,2491.0,99.0,1332.0,1899.0,4789.0,3121.0,5715.0,3527.0,5680.0,6967.0,953.0,773.0,2714.0,12212.0,6431.0,2865.0,2342.0,8444.0,1077.0,3357.0,5432.0,12896.0,2114.0,9017.0,3358.0,1876.0
2023-06-30,1194.0,881.0,7128.0,20573.0,5543.0,3081.0,22844.0,6862.0,645.0,598.0,912.0,9511.0,2555.0,128.0,1416.0,1960.0,6440.0,3215.0,6399.0,4727.0,6261.0,7316.0,1086.0,817.0,2613.0,14651.0,6951.0,2817.0,2519.0,9801.0,1303.0,3505.0,5468.0,12548.0,2092.0,9144.0,3503.0,2145.0
2023-07-31,1087.0,772.0,5755.0,18053.0,4784.0,2618.0,19058.0,5688.0,566.0,535.0,694.0,7820.0,2154.0,130.0,1416.0,1772.0,5355.0,2408.0,5301.0,3930.0,5465.0,6414.0,892.0,755.0,2360.0,13364.0,5953.0,2692.0,2250.0,7877.0,1061.0,2874.0,4624.0,10943.0,1903.0,7385.0,3231.0,2122.0
2023-08-31,1129.0,799.0,5540.0,19096.0,4672.0,1417.0,19201.0,6095.0,595.0,453.0,795.0,8267.0,2216.0,91.0,1422.0,1723.0,5635.0,2498.0,6014.0,4055.0,5765.0,7110.0,967.0,771.0,2246.0,15583.0,5427.0,2696.0,2499.0,8194.0,1195.0,2904.0,4668.0,11606.0,2162.0,7336.0,3521.0,2076.0
